RollNo,Name,TshirtSize
B22EC001,Diya Patel,M
B22ME002,Rohan Reddy,L
B22CE003,Ananya Bose,XL
B22EE004,Ishan Sharma,S
B22CH005,Meera Das,M
B22PE006,Kabir Pillai,L
B22AR007,Sara Menon,XXL
B22CS008,Arjun Iyer,M
B22EC009,Nila Khan,L
B22ME010,Vivek Nair,XL
B22CE011,Riya Patel,S
B22EE012,Aarav Reddy,M
B22CH013,Diya Bose,L
B22PE014,Rohan Sharma,XL
B22AR015,Ananya Das,S
B22CS016,Ishan Pillai,M
B22EC017,Meera Menon,L
B22ME018,Kabir Iyer,XXL
B22CE019,Sara Khan,M
B22EE020,Arjun Nair,L
B22CH021,Nila Patel,XL
B22PE022,Vivek Reddy,S
B22AR023,Riya Bose,M
B22CS024,Aarav Sharma,L
B22EC025,Diya Das,XL
B22ME026,Rohan Pillai,M
B22CE027,Ananya Menon,M
B22EE028,Ishan Iyer,L
B22CH029,Meera Khan,XS
B22PE030,Kabir Nair,M
B22AR031,Sara Patel,L
B22CS032,Arjun Reddy,XL
B22EC033,Nila Bose,S
B22ME034,Vivek Sharma,M
B22CE035,Riya Das,L
B22EE036,Aarav Pillai,XXL
B22CH037,Diya Menon,M
B22PE038,Rohan Iyer,L
B22AR039,Ananya Khan,XL
B22CS040,Ishan Nair,S
B22EC041,Meera Patel,M
B22ME042,Kabir Reddy,L
B22CE043,Sara Bose,XL
B22EE044,Arjun Sharma,S
B22CH045,Nila Das,M
B22PE046,Vivek Pillai,L
B22AR047,Riya Menon,XXL
B22CS048,Aarav Iyer,M
B22EC049,Diya Khan,L
B22ME050,Rohan Nair,XL
B22CE051,Ananya Patel,S
B22EE052,Ishan Reddy,M
B22CH053,Meera Bose,L
B22PE054,Kabir Sharma,XL
B22AR055,Sara Das,M
B22CS056,Arjun Pillai,M
B22EC057,Nila Menon,L
B22ME058,Vivek Iyer,XS
B22CE059,Riya Khan,M
B22EE060,Aarav Nair,L
B22CH061,Diya Patel,XL
B22PE062,Rohan Reddy,S
B22AR063,Ananya Bose,M
B22CS064,Ishan Sharma,L
B22EC065,Meera Das,XXL
B22ME066,Kabir Pillai,M
B22CE067,Sara Menon,L
B22EE068,Arjun Iyer,XL
B22CH069,Nila Khan,S
B22PE070,Vivek Nair,M
B22AR071,Riya Patel,L
B22CS072,Aarav Reddy,XL
B22EC073,Diya Bose,S
B22ME074,Rohan Sharma,M
B22CE075,Ananya Das,L
B22EE076,Ishan Pillai,XXL
B22CH077,Meera Menon,M
B22PE078,Kabir Iyer,L
B22AR079,Sara Khan,XL
B22CS080,Arjun Nair,S
B22EC081,Nila Patel,M
B22ME082,Vivek Reddy,L
B22CE083,Riya Bose,XL
B22EE084,Aarav Sharma,M
B22CH085,Diya Das,M
B22PE086,Rohan Pillai,L
B22AR087,Ananya Menon,XS
B22CS088,Ishan Iyer,M
B22EC089,Meera Khan,L
B22ME090,Kabir Nair,XL
B22CE091,Sara Patel,S
B22EE092,Arjun Reddy,M
B22CH093,Nila Bose,L
B22PE094,Vivek Sharma,XXL
B22AR095,Riya Das,M
B22CS096,Aarav Pillai,L
B22EC097,Diya Menon,XL
B22ME098,Rohan Iyer,S
B22CE099,Ananya Khan,M
B22EE100,Ishan Nair,L
B22CH101,Meera Patel,XL
B22PE102,Kabir Reddy,S
B22AR103,Sara Bose,M
B22CS104,Arjun Sharma,L
B22EC105,Nila Das,XXL
B22ME106,Vivek Pillai,M
B22CE107,Riya Menon,L
B22EE108,Aarav Iyer,XL
B22CH109,Diya Khan,S
B22PE110,Rohan Nair,M
B22AR111,Ananya Patel,L
B22CS112,Ishan Reddy,XL
B22EC113,Meera Bose,M
B22ME114,Kabir Sharma,M
B22CE115,Sara Das,L
B22EE116,Arjun Pillai,XS
B22CH117,Nila Menon,M
B22PE118,Vivek Iyer,L
B22AR119,Riya Khan,XL
B22CS120,Aarav Nair,S
B22EC121,Diya Patel,M
B22ME122,Rohan Reddy,L
B22CE123,Ananya Bose,XXL
B22EE124,Ishan Sharma,M
B22CH125,Meera Das,L
B22PE126,Kabir Pillai,XL
B22AR127,Sara Menon,S
B22CS128,Arjun Iyer,M
B22EC129,Nila Khan,L
B22ME130,Vivek Nair,XL
B22CE131,Riya Patel,S
B22EE132,Aarav Reddy,M
B22CH133,Diya Bose,L
B22PE134,Rohan Sharma,XXL
B22AR135,Ananya Das,M
B22CS136,Ishan Pillai,L
B22EC137,Meera Menon,XL
B22ME138,Kabir Iyer,S
B22CE139,Sara Khan,M
B22EE140,Arjun Nair,L
B22CH141,Nila Patel,XL
B22PE142,Vivek Reddy,M
B22AR143,Riya Bose,M
B22CS144,Aarav Sharma,L
B22EC145,Diya Das,XS
B22ME146,Rohan Pillai,M
B22CE147,Ananya Menon,L
B22EE148,Ishan Iyer,XL
B22CH149,Meera Khan,S
B22PE150,Kabir Nair,M
B22AR151,Sara Patel,L
B22CS152,Arjun Reddy,XXL
B22EC153,Nila Bose,M
B22ME154,Vivek Sharma,L
B22CE155,Riya Das,XL
B22EE156,Aarav Pillai,S
B22CH157,Diya Menon,M
B22PE158,Rohan Iyer,L
B22AR159,Ananya Khan,XL
B22CS160,Ishan Nair,S
B22EC161,Meera Patel,M
B22ME162,Kabir Reddy,L
B22CE163,Sara Bose,XXL
B22EE164,Arjun Sharma,M
B22CH165,Nila Das,L
B22PE166,Vivek Pillai,XL
B22AR167,Riya Menon,S
B22CS168,Aarav Iyer,M
B22EC169,Diya Khan,L
B22ME170,Rohan Nair,XL
B22CE171,Ananya Patel,M
B22EE172,Ishan Reddy,M
B22CH173,Meera Bose,L
B22PE174,Kabir Sharma,XS
B22AR175,Sara Das,M
B22CS176,Arjun Pillai,L
B22EC177,Nila Menon,XL
B22ME178,Vivek Iyer,S
B22CE179,Riya Khan,M
B22EE180,Aarav Nair,L
B22CH181,Diya Patel,XXL
B22PE182,Rohan Reddy,M
B22AR183,Ananya Bose,L
B22CS184,Ishan Sharma,XL
B22EC185,Meera Das,S
B22ME186,Kabir Pillai,M
B22CE187,Sara Menon,L
B22EE188,Arjun Iyer,XL
B22CH189,Nila Khan,S
B22PE190,Vivek Nair,M
B22AR191,Riya Patel,L
B22CS192,Aarav Reddy,XXL
B22EC193,Diya Bose,M
B22ME194,Rohan Sharma,L
B22CE195,Ananya Das,XL
B22EE196,Ishan Pillai,S
B22CH197,Meera Menon,M
B22PE198,Kabir Iyer,L
B22AR199,Sara Khan,XL
B22CS200,Arjun Nair,M
B22EC201,Nila Patel,M
B22ME202,Vivek Reddy,L
B22CE203,Riya Bose,XS
B22EE204,Aarav Sharma,M
B22CH205,Diya Das,L
B22PE206,Rohan Pillai,XL
B22AR207,Ananya Menon,S
B22CS208,Ishan Iyer,M
B22EC209,Meera Khan,L
B22ME210,Kabir Nair,XXL
B22CE211,Sara Patel,M
B22EE212,Arjun Reddy,L
B22CH213,Nila Bose,XL
B22PE214,Vivek Sharma,S
B22AR215,Riya Das,M
B22CS216,Aarav Pillai,L
B22EC217,Diya Menon,XL
B22ME218,Rohan Iyer,S
B22CE219,Ananya Khan,M
B22EE220,Ishan Nair,L
B22CH221,Meera Patel,XXL
B22PE222,Kabir Reddy,M
B22AR223,Sara Bose,L
B22CS224,Arjun Sharma,XL
B22EC225,Nila Das,S
B22ME226,Vivek Pillai,M
B22CE227,Riya Menon,L
B22EE228,Aarav Iyer,XL
B22CH229,Diya Khan,M
B22PE230,Rohan Nair,M
B22AR231,Ananya Patel,L
B22CS232,Ishan Reddy,XS
B22EC233,Meera Bose,M
B22ME234,Kabir Sharma,L
B22CE235,Sara Das,XL
B22EE236,Arjun Pillai,S
B22CH237,Nila Menon,M
B22PE238,Vivek Iyer,L
B22AR239,Riya Khan,XXL
B22CS240,Aarav Nair,M
B22EC241,Diya Patel,L
B22ME242,Rohan Reddy,XL
B22CE243,Ananya Bose,S
B22EE244,Ishan Sharma,M
B22CH245,Meera Das,L
B22PE246,Kabir Pillai,XL
B22AR247,Sara Menon,S
B22CS248,Arjun Iyer,M
B22EC249,Nila Khan,L
B22ME250,Vivek Nair,XXL
B22CE251,Riya Patel,M
B22EE252,Aarav Reddy,L
B22CH253,Diya Bose,XL
B22PE254,Rohan Sharma,S
B22AR255,Ananya Das,M
B22CS256,Ishan Pillai,L
B22EC257,Meera Menon,XL
B22ME258,Kabir Iyer,M
B22CE259,Sara Khan,M
B22EE260,Arjun Nair,L
B22CH261,Nila Patel,XS
B22PE262,Vivek Reddy,M
B22AR263,Riya Bose,L
B22CS264,Aarav Sharma,XL
B22EC265,Diya Das,S
B22ME266,Rohan Pillai,M
B22CE267,Ananya Menon,L
B22EE268,Ishan Iyer,XXL
B22CH269,Meera Khan,M
B22PE270,Kabir Nair,L
B22AR271,Sara Patel,XL
B22CS272,Arjun Reddy,S
B22EC273,Nila Bose,M
B22ME274,Vivek Sharma,L
B22CE275,Riya Das,XL
B22EE276,Aarav Pillai,S
B22CH277,Diya Menon,M
B22PE278,Rohan Iyer,L
B22AR279,Ananya Khan,XXL
B22CS280,Ishan Nair,M
B22EC281,Meera Patel,L
B22ME282,Kabir Reddy,XL
B22CE283,Sara Bose,S
B22EE284,Arjun Sharma,M
B22CH285,Nila Das,L
B22PE286,Vivek Pillai,XL
B22AR287,Riya Menon,M
B22CS288,Aarav Iyer,M
B22EC289,Diya Khan,L
B22ME290,Rohan Nair,XS
B22CE291,Ananya Patel,M
B22EE292,Ishan Reddy,L
B22CH293,Meera Bose,XL
B22PE294,Kabir Sharma,S
B22AR295,Sara Das,M
B22CS296,Arjun Pillai,L
B22EC297,Nila Menon,XXL
B22ME298,Vivek Iyer,M
B22CE299,Riya Khan,L
B22EE300,Aarav Nair,XL
B22CH301,Diya Patel,S
B22PE302,Rohan Reddy,M
B22AR303,Ananya Bose,L
B22CS304,Ishan Sharma,XL
B22EC305,Meera Das,S
B22ME306,Kabir Pillai,M
B22CE307,Sara Menon,L
B22EE308,Arjun Iyer,XXL
B22CH309,Nila Khan,M
B22PE310,Vivek Nair,L
B22AR311,Riya Patel,XL
B22CS312,Aarav Reddy,S
B22EC313,Diya Bose,M
B22ME314,Rohan Sharma,L
B22CE315,Ananya Das,XL
B22EE316,Ishan Pillai,M
B22CH317,Meera Menon,M
B22PE318,Kabir Iyer,L
B22AR319,Sara Khan,XS
B22CS320,Arjun Nair,M
B22EC321,Nila Patel,L
B22ME322,Vivek Reddy,XL
B22CE323,Riya Bose,S
B22EE324,Aarav Sharma,M
B22CH325,Diya Das,L
B22PE326,Rohan Pillai,XXL
B22AR327,Ananya Menon,M
B22CS328,Ishan Iyer,L
B22EC329,Meera Khan,XL
B22ME330,Kabir Nair,S
B22CE331,Sara Patel,M
B22EE332,Arjun Reddy,L
B22CH333,Nila Bose,XL
B22PE334,Vivek Sharma,S
B22AR335,Riya Das,M
B22CS336,Aarav Pillai,L
B22EC337,Diya Menon,XXL
B22ME338,Rohan Iyer,M
B22CE339,Ananya Khan,L
B22EE340,Ishan Nair,XL
B22CH341,Meera Patel,S
B22PE342,Kabir Reddy,M
B22AR343,Sara Bose,L
B22CS344,Arjun Sharma,XL
B22EC345,Nila Das,M
B22ME346,Vivek Pillai,M
B22CE347,Riya Menon,L
B22EE348,Aarav Iyer,XS
B22CH349,Diya Khan,M
B22PE350,Rohan Nair,L
B22AR351,Ananya Patel,XL
B22CS352,Ishan Reddy,S
B22EC353,Meera Bose,M
B22ME354,Kabir Sharma,L
B22CE355,Sara Das,XXL
B22EE356,Arjun Pillai,M
B22CH357,Nila Menon,L
B22PE358,Vivek Iyer,XL
B22AR359,Riya Khan,S
B22CS360,Aarav Nair,M
B22EC361,Diya Patel,L
B22ME362,Rohan Reddy,XL
B22CE363,Ananya Bose,S
B22EE364,Ishan Sharma,M
B22CH365,Meera Das,L
B22PE366,Kabir Pillai,XXL
B22AR367,Sara Menon,M
B22CS368,Arjun Iyer,L
B22EC369,Nila Khan,XL
B22ME370,Vivek Nair,S
B22CE371,Riya Patel,M
B22EE372,Aarav Reddy,L
B22CH373,Diya Bose,XL
B22PE374,Rohan Sharma,M
B22AR375,Ananya Das,M
B22CS376,Ishan Pillai,L
B22EC377,Meera Menon,XS
B22ME378,Kabir Iyer,M
B22CE379,Sara Khan,L
B22EE380,Arjun Nair,XL
B22CH381,Nila Patel,S
B22PE382,Vivek Reddy,M
B22AR383,Riya Bose,L
B22CS384,Aarav Sharma,XXL
B22EC385,Diya Das,M
B22ME386,Rohan Pillai,L
B22CE387,Ananya Menon,XL
B22EE388,Ishan Iyer,S
B22CH389,Meera Khan,M
B22PE390,Kabir Nair,L
B22AR391,Sara Patel,XL
B22CS392,Arjun Reddy,S
B22EC393,Nila Bose,M
B22ME394,Vivek Sharma,L
B22CE395,Riya Das,XXL
B22EE396,Aarav Pillai,M
B22CH397,Diya Menon,L
B22PE398,Rohan Iyer,XL
B22AR399,Ananya Khan,S
B22CS400,Ishan Nair,M
B22EC401,Meera Patel,L
B22ME402,Kabir Reddy,XL
B22CE403,Sara Bose,M
B22EE404,Arjun Sharma,M
B22CH405,Nila Das,L
B22PE406,Vivek Pillai,XS
B22AR407,Riya Menon,M
B22CS408,Aarav Iyer,L
B22EC409,Diya Khan,XL
B22ME410,Rohan Nair,S
B22CE411,Ananya Patel,M
B22EE412,Ishan Reddy,L
B22CH413,Meera Bose,XXL
B22PE414,Kabir Sharma,M
B22AR415,Sara Das,L
B22CS416,Arjun Pillai,XL
B22EC417,Nila Menon,S
B22ME418,Vivek Iyer,M
B22CE419,Riya Khan,L
B22EE420,Aarav Nair,XL
B22CH421,Diya Patel,S
B22PE422,Rohan Reddy,M
B22AR423,Ananya Bose,L
B22CS424,Ishan Sharma,XXL
B22EC425,Meera Das,M
B22ME426,Kabir Pillai,L
B22CE427,Sara Menon,XL
B22EE428,Arjun Iyer,S
B22CH429,Nila Khan,M
B22PE430,Vivek Nair,L
B22AR431,Riya Patel,XL
B22CS432,Aarav Reddy,M
B22EC433,Diya Bose,M
B22ME434,Rohan Sharma,L
B22CE435,Ananya Das,XS
B22EE436,Ishan Pillai,M
B22CH437,Meera Menon,L
B22PE438,Kabir Iyer,XL
B22AR439,Sara Khan,S
B22CS440,Arjun Nair,M
B22EC441,Nila Patel,L
B22ME442,Vivek Reddy,XXL
B22CE443,Riya Bose,M
B22EE444,Aarav Sharma,L
B22CH445,Diya Das,XL
B22PE446,Rohan Pillai,S
B22AR447,Ananya Menon,M
B22CS448,Ishan Iyer,L
B22EC449,Meera Khan,XL
B22ME450,Kabir Nair,S
B22CE451,Sara Patel,M
B22EE452,Arjun Reddy,L
B22CH453,Nila Bose,XXL
B22PE454,Vivek Sharma,M
B22AR455,Riya Das,L
B22CS456,Aarav Pillai,XL
B22EC457,Diya Menon,S
B22ME458,Rohan Iyer,M
B22CE459,Ananya Khan,L
B22EE460,Ishan Nair,XL
B22CH461,Meera Patel,M
B22PE462,Kabir Reddy,M
B22AR463,Sara Bose,L
B22CS464,Arjun Sharma,XS
B22EC465,Nila Das,M
B22ME466,Vivek Pillai,L
B22CE467,Riya Menon,XL
B22EE468,Aarav Iyer,S
B22CH469,Diya Khan,M
B22PE470,Rohan Nair,L
B22AR471,Ananya Patel,XXL
B22CS472,Ishan Reddy,M
B22EC473,Meera Bose,L
B22ME474,Kabir Sharma,XL
B22CE475,Sara Das,S
B22EE476,Arjun Pillai,M
B22CH477,Nila Menon,L
B22PE478,Vivek Iyer,XL
B22AR479,Riya Khan,S
B22CS480,Aarav Nair,M
B22EC481,Diya Patel,L
B22ME482,Rohan Reddy,XXL
B22CE483,Ananya Bose,M
B22EE484,Ishan Sharma,L
B22CH485,Meera Das,XL
B22PE486,Kabir Pillai,S
B22AR487,Sara Menon,M
B22CS488,Arjun Iyer,L
B22EC489,Nila Khan,XL
B22ME490,Vivek Nair,M
B22CE491,Riya Patel,M
B22EE492,Aarav Reddy,L
B22CH493,Diya Bose,XS
B22PE494,Rohan Sharma,M
B22AR495,Ananya Das,L
B22CS496,Ishan Pillai,XL
B22EC497,Meera Menon,S
B22ME498,Kabir Iyer,M
B22CE499,Sara Khan,L
B22EE500,Arjun Nair,XXL
